{
    "frequency": 440.0,
    "duration": 20.0,
    "sampling_rate": 44100,
    "filename": "test_v1.wav",
    "overtones": [
        [
            440.0,
            1.0
        ],
        [
            12447.350408741928,
            0.1098108639573242
        ],
        [
            12465.3571923053,
            0.843727285302496
        ],
        [
            21539.57505590213,
            0.17496422223017305
        ],
        [
            14675.669378957353,
            0.013028474684831037
        ],
        [
            20577.216573422433,
            0.23529784971612777
        ],
        [
            21425.497754119715,
            0.6436550795219932
        ],
        [
            11410.89145988607,
            0.011826877382886125
        ]
    ],
    "amp_ctrl_points": [
        [
            0.0,
            0.0
        ],
        [
            20.0,
            100.0
        ],
        [
            33.0,
            20.0
        ],
        [
            47.0,
            88.0
        ],
        [
            56.0,
            45.0
        ],
        [
            76.0,
            80.0
        ],
        [
            90.0,
            5.0
        ],
        [
            100.0,
            20.0
        ]
    ]
}